epoch,dice_skoru,iou_skoru,loss,lr,val_dice_skoru,val_iou_skoru,val_loss
0,0.8136415481567383,0.7015321850776672,0.2810003459453583,1e-04,0.8998088240623474,0.820621132850647,0.14194975793361664
1,0.902492344379425,0.8233763575553894,0.10998523235321045,1e-04,0.9077829122543335,0.8337076306343079,0.0921623632311821
2,0.9121796488761902,0.8392661809921265,0.08218609541654587,1e-04,0.8999325037002563,0.820652961730957,0.09411002695560455
3,0.9179571866989136,0.8489093780517578,0.07198325544595718,1e-04,0.9063134789466858,0.8313665986061096,0.07677937299013138
4,0.9206410646438599,0.8534735441207886,0.06785822659730911,1e-04,0.9190941452980042,0.8516146540641785,0.0836767926812172
5,0.9225297570228577,0.8567101359367371,0.06571570038795471,1e-04,0.9272621870040894,0.8651466369628906,0.07752464711666107
6,0.9244874715805054,0.8600368499755859,0.06355264037847519,1e-04,0.923002302646637,0.8580183982849121,0.06665290892124176
7,0.9259880781173706,0.8626005053520203,0.061977457255125046,1e-04,0.9246453642845154,0.8608792424201965,0.06984850764274597
8,0.9265847206115723,0.8636388778686523,0.061509087681770325,1e-04,0.9270836710929871,0.8649940490722656,0.06642984598875046
9,0.9272563457489014,0.8647560477256775,0.060895469039678574,1e-04,0.925031304359436,0.8615248799324036,0.07277540117502213
10,0.9291937351226807,0.8681123852729797,0.05906191095709801,1e-04,0.9246112108230591,0.8607193827629089,0.06528189778327942
11,0.9297694563865662,0.8691471219062805,0.058457985520362854,1e-04,0.9230136871337891,0.8578256368637085,0.06483735889196396
12,0.930482029914856,0.8703359961509705,0.057845428586006165,1e-04,0.9234572052955627,0.858595609664917,0.06449287384748459
13,0.9330766797065735,0.8748732805252075,0.05559461936354637,5e-05,0.9312788248062134,0.8720157146453857,0.062089815735816956
14,0.9337329268455505,0.8760311007499695,0.05508635193109512,5e-05,0.9299150705337524,0.8696499466896057,0.061443813145160675
15,0.9346755146980286,0.8775918483734131,0.05426045134663582,5e-05,0.9286774396896362,0.8675131797790527,0.06336425989866257
16,0.9351271986961365,0.8784036040306091,0.053909558802843094,5e-05,0.9298630356788635,0.869551420211792,0.06139048933982849
17,0.935435950756073,0.8789950609207153,0.05359789729118347,5e-05,0.9290664792060852,0.8681535720825195,0.06198898330330849
18,0.9359908103942871,0.879950761795044,0.05316096171736717,5e-05,0.9248242378234863,0.8609082698822021,0.06353235989809036
19,0.9365150332450867,0.8808941841125488,0.05261245742440224,5e-05,0.9292842149734497,0.8685584664344788,0.06103074923157692
20,0.9370118379592896,0.8817148208618164,0.052246514707803726,5e-05,0.9302567839622498,0.8701803684234619,0.06174207478761673
21,0.9383041858673096,0.8840308785438538,0.05111439898610115,2.5e-05,0.9309599995613098,0.8714303970336914,0.06123587116599083
22,0.9388788342475891,0.8850268125534058,0.05066217854619026,2.5e-05,0.93034428358078,0.8702874779701233,0.06172576919198036
23,0.9392924904823303,0.8858031034469604,0.050315625965595245,2.5e-05,0.9298726916313171,0.8695642948150635,0.06237175688147545
24,0.9396899938583374,0.8864911794662476,0.04997028782963753,2.5e-05,0.9303795099258423,0.8703778982162476,0.06153686344623566
25,0.9399344325065613,0.886927604675293,0.04974479228258133,2.5e-05,0.9307571053504944,0.8709828853607178,0.06165299192070961
26,0.9401603937149048,0.8873319625854492,0.04951529577374458,2.5e-05,0.9305131435394287,0.870652437210083,0.06190253794193268
27,0.9405626654624939,0.8880345225334167,0.04916338622570038,2.5e-05,0.9322443008422852,0.8735793232917786,0.06384512037038803
28,0.9408323168754578,0.8885172009468079,0.04894304648041725,2.5e-05,0.9322114586830139,0.8735712170600891,0.06378712505102158
29,0.9412237405776978,0.8891959190368652,0.04867888614535332,2.5e-05,0.9311656355857849,0.8717114925384521,0.06262442469596863
30,0.941634476184845,0.8898851275444031,0.04833633452653885,2.5e-05,0.9310417175292969,0.871514618396759,0.06381921470165253
31,0.9418140649795532,0.8902082443237305,0.04819853976368904,2.5e-05,0.9293931126594543,0.868639349937439,0.0625791922211647
32,0.9420658349990845,0.8906514644622803,0.04797278717160225,2.5e-05,0.9295633435249329,0.8689624071121216,0.06366109848022461
33,0.942214846611023,0.8910084366798401,0.04783299192786217,2.5e-05,0.931714653968811,0.8726316094398499,0.0632057785987854
34,0.9424681067466736,0.8914250135421753,0.04756603762507439,2.5e-05,0.9307674169540405,0.8710228800773621,0.06291858851909637
35,0.9434394240379333,0.8931458592414856,0.04682346433401108,1.25e-05,0.9308128952980042,0.8710920810699463,0.06400252133607864
36,0.9436381459236145,0.8934789896011353,0.04657250642776489,1.25e-05,0.9317549467086792,0.872718870639801,0.06343110650777817
37,0.9440430998802185,0.8941930532455444,0.046309106051921844,1.25e-05,0.9308968782424927,0.8712005615234375,0.06334686279296875
38,0.9441722631454468,0.8944377899169922,0.0462181530892849,1.25e-05,0.9309664964675903,0.8713367581367493,0.063602015376091
39,0.9443511962890625,0.8947502374649048,0.046012673527002335,1.25e-05,0.932043731212616,0.8732103109359741,0.06381215900182724
40,0.9445540308952332,0.895127534866333,0.04588307812809944,1.25e-05,0.9319050908088684,0.8729755282402039,0.06352004408836365
41,0.9446610808372498,0.895335853099823,0.045740239322185516,1.25e-05,0.931632936000824,0.872489869594574,0.063542440533638
42,0.9451413750648499,0.8961890935897827,0.04536018893122673,6.25e-06,0.9320686459541321,0.8732634782791138,0.06383398920297623
